{"Newcastle upon Tyne, United Kingdom": [54.978252, -1.61778], "Westwood, NJ, United States": [40.9912087, -74.0326395], "Chicago, IL, United States": [41.8781136, -87.6297982], "Weare, NH, United States": [43.0948033, -71.7306313], "Nantes, Germany": [52.6030568, 13.4195134], "Topeka, KS, United States": [39.0473451, -95.67515759999999], "Groningen, United Kingdom": [53.264205, 6.3987121], "San Francisco, CA, US": [37.7749295, -122.4194155], "Doral, FL, United States": [25.8195424, -80.3553302], "Short Hills, NJ, United States": [40.7483499, -74.3232194], "Denver, CO, United States": [39.7392358, -104.990251], "Nottingham, United Kingdom": [52.95478319999999, -1.1581086], "Princeton Junction, NJ, United States": [40.3173301, -74.61987909999999], "San Jose, CA, United States": [37.3382082, -121.8863286], "DC, US": [38.9071923, -77.0368707], "Roswell, GA, United States": [34.0232431, -84.3615555], "FL, United States": [27.6648274, -81.5157535], "Helvoirt, Netherlands": [51.63087400000001, 5.2301204], "Portsmouth, United Kingdom": [50.8197675, -1.0879769], "Raleigh, NC, US": [35.7795897, -78.6381787], "Fort Washington, MD, United States": [38.7073379, -77.0230313], "DeKalb, IL, United States": [41.9294736, -88.75036469999999], "Brighton, United Kingdom": [50.82253000000001, -0.137163], "Breda, Netherlands": [51.5719149, 4.768323], "Edinburgh, United Kingdom": [55.953252, -3.188267], "houston, TX, United States": [29.7604267, -95.3698028], "Newbury Park, CA, United States": [34.1805403, -118.9070887], "Longwood, FL, United States": [28.7030519, -81.3384011], "Blippstadt, Germany": [51.6712278, 8.3406481], "Elmwood Park, IL, United States": [41.9211423, -87.8092266], "London, United Kingdom": [51.5073509, -0.1277583], "Manchester, United Kingdom": [53.4807593, -2.2426305], "Apopka, FL, United States": [28.6934076, -81.5322149], "Lyon, France": [45.764043, 4.835659], "Osaka, Japan": [34.6937378, 135.5021651], "Andover, MA, United States": [42.6583356, -71.1367953], "Howell, MI, United States": [42.6072552, -83.9293952], "Leicester, United Kingdom": [52.6368778, -1.1397592], "MA, United States": [42.4072107, -71.3824374], "Birmingham, AL, United States": [33.5206608, -86.80248999999999], "Minneapolis, MN, United States": [44.977753, -93.2650108], "Lakewood, CO, United States": [39.7047095, -105.0813734], "Fremont, CA, US": [37.5482697, -121.9885719], "Mississauga, ON, Canada": [43.5890452, -79.6441198], "Sint willebrord, Netherlands": [51.5517785, 4.5897498], "Bochum, Germany": [51.4818445, 7.216236299999999], "Cambridge, United Kingdom": [52.205337, 0.121817], "Bielefeld, Germany": [52.0302285, 8.532470800000002], "Baton Rouge, LA, United States": [30.4514677, -91.18714659999999], "Delft, Netherlands": [52.01157689999999, 4.3570677], "Dunfermline, United Kingdom": [56.071741, -3.452151], "NJ, United States": [40.0583238, -74.4056612], "Montreal, QC, Canada": [45.5016889, -73.567256], "Seattle, WA, US": [47.6062095, -122.3320708], "Vienna, Austria": [48.2081743, 16.3738189], "St. Paul, MN, United States": [44.9537029, -93.0899578], "Brooklyn, NY, United States": [40.6781784, -73.9441579], "milton keynes, United Kingdom": [52.0406224, -0.7594171], "Berea, KY, United States": [37.568694, -84.2963223], "Round Lake Beach, IL, United States": [42.37168810000001, -88.0900815], "Fife, United Kingdom": [56.2082078, -3.1495175], "Indianapolis, IN, United States": [39.768403, -86.158068], "Suffern, NY, United States": [41.1148179, -74.1495889], "Glasgow, United Kingdom": [55.864237, -4.251806], "G\u00f6ta, Sweden": [58.10751999999999, 12.1633099], "Hillside, IL, United States": [41.8778084, -87.90283980000001], "Cincinnati, OH, United States": [39.1031182, -84.5120196], "Scarborough, ON, Canada": [43.7764258, -79.2317521], "Nootdorp, Netherlands": [52.0439927, 4.3909217], "berkhamsted, United Kingdom": [51.75976600000001, -0.5678569000000001], "Cleveland, OH, United States": [41.49932, -81.6943605], "PA, United States": [41.2033216, -77.1945247], "Bekkestua, Norway": [59.91756239999999, 10.5876192], "Bordeaux, France": [44.837789, -0.57918], "Ridgewood, NJ, US": [40.9792645, -74.11653129999999], "Uppsala, Sweden": [59.85856380000001, 17.6389267], "York, United Kingdom": [53.95996510000001, -1.0872979], "Bronx, NY, United States": [40.8447819, -73.8648268], "Thornhill, ON, CA": [43.8079675, -79.4591378], "Campbeltown, United Kingdom": [55.424117, -5.605373999999999], "Diamond Bar, CA, United States": [34.0286226, -117.8103367], "Montpellier, France": [43.610769, 3.876716], "DURHAM, NH, United States": [43.1339545, -70.9264393], "northbrook, IL, United States": [42.1275267, -87.82895479999999], "Nantes, France": [47.218371, -1.553621], "IL, United States": [40.6331249, -89.3985283], "ashburn, VA, US": [39.0437567, -77.4874416], "Calabasas, CA, United States": [34.1367208, -118.6614809], "columbus, OH, US": [39.9611755, -82.99879419999999], "Bolingbrook (Chicago), IL, United States": [41.69864159999999, -88.0683955], "NC, US": [35.7595731, -79.01929969999999], "Mokena, IL, United States": [41.5261437, -87.8892189], "Stockholm, Sweden": [59.32932349999999, 18.0685808], "Milford, MI, United States": [42.5916684, -83.6003703], "Madrid, Germany": [40.4298746, -3.6906686], "Philadelphia, PA, United States": [39.9525839, -75.1652215], "UNIONTOWN, OH, United States": [40.9750568, -81.40816730000002], "Fremont, CA, United States": [37.5482697, -121.9885719], "Hamburg, Germany": [53.5510846, 9.9936819], "Grenoble, France": [45.188529, 5.724524], "W\u00fcrzburg, France": [49.28617389999999, -0.4033062], "Buffalo, NY, United States": [42.88644679999999, -78.8783689], "Gainesville, FL, United States": [29.6516344, -82.32482619999999], "Groningen, Netherlands": [53.2193835, 6.5665017], "Melbourne, Australia": [-37.8136276, 144.9630576], "CT, United States": [41.6032207, -73.087749], "Lake Mary, FL, United States": [28.7588833, -81.3178446], "Boulder, CO, United States": [40.0149856, -105.2705456], "Wandlitz, Germany": [52.75422, 13.47277], "Zimmerman, MN, United States": [45.4432986, -93.58996200000001], "Cardiff, United Kingdom": [51.48158100000001, -3.17909], "GA, United States": [32.1656221, -82.9000751], "Orem, UT, United States": [40.2968979, -111.6946475], "McLean, VA, United States": [38.9338676, -77.1772604], "Altamonte Springs, FL, United States": [28.6611089, -81.3656242], "Manhattan, KS, United States": [39.18360819999999, -96.57166939999999], "New York, NY, United States": [40.7127753, -74.0059728], "Wakefield, NH, United States": [43.5536938, -71.0288751], "Trumbull, CT, United States": [41.2428563, -73.2006639], "West Bloomfield, MI, United States": [42.5678534, -83.373339], "Centreville, VA, United States": [38.8403909, -77.42887689999999], "Hockessin, DE, United States": [39.7876112, -75.6966001], "Brussels, Belgium": [50.8503463, 4.3517211], "Abstatt, Germany": [49.0688071, 9.2886712], "Taylor, MI, United States": [42.240872, -83.2696509], "Jericho, NY, United States": [40.79204410000001, -73.5398476], "Berkeley, CA, United States": [37.8715926, -122.272747], "Leeds, United Kingdom": [53.8007554, -1.5490774], "MI, United States": [44.3148443, -85.60236429999999], "Twinsburg, OH, United States": [41.3125552, -81.4401129], "The barn, United Kingdom": [51.3955186, 0.3270922], "AZ, United States": [34.0489281, -111.0937311], "MD, United States": [39.0457549, -76.64127119999999], "Blaine, MN, United States": [45.1607987, -93.23494889999999], "Palatine, IL, United States": [42.1103041, -88.03424000000001], "Flushing, NY, United States": [40.7674987, -73.833079], "San Francisco, CA, United States": [37.7749295, -122.4194155], "Mount Vernon, NY, United States": [40.9125992, -73.8370786], "Saint Paul, MN, United States": [44.9537029, -93.0899578], "Dortmund, Germany": [51.5135872, 7.465298100000001], "Beaconsfield, QC, Canada": [45.4309308, -73.86828349999999], "Piscataway, NJ, United States": [40.554887, -74.4642861],